"Front","Back","Tags"
"What are the main phases of Maven's default lifecycle, in order?","validate → compile → test → package → verify → install → deploy. Running a phase executes all earlier phases first.","day13 java::maven"
"Does `mvn package` only run the package phase?","No. It runs every earlier phase in the default lifecycle first (validate, compile, test, …) and then package.","day13 java::maven"
"What is the difference between a Maven phase and a plugin goal?","A phase is a step in a lifecycle (e.g. package). A goal is a concrete task done by a plugin (e.g. compiler:compile). Goals are bound to phases and run when that phase runs.","day13 java::maven"
"What is the difference between `mvn install` and `mvn deploy`?","install copies the built artifact into the local repository (~/.m2) so other local projects can use it. deploy publishes it to a remote repository for other people or pipelines.","day13 java::maven"
"Explain the four common Maven dependency scopes.","compile (the default): available everywhere. test: test code only (JUnit, Mockito). runtime: needed to run but not to compile (e.g. a JDBC driver). provided: needed to compile but supplied by the runtime environment (e.g. the Servlet API in an external container).","day13 java::maven java::dependencies"
"What is a transitive dependency?","A dependency of one of your dependencies. Maven pulls it in automatically. For example, spring-boot-starter-web brings in Jackson and Tomcat.","day13 java::maven java::dependencies"
"How do you inspect and fix a dependency conflict in Maven?","Run `mvn dependency:tree` to see where each version comes from. Fix it with an `<exclusions>` block on the dependency that brings in the unwanted version, or pin the version in `dependencyManagement`.","day13 java::maven java::dependencies"
"Does `dependencyManagement` add dependencies to a project?","No. It only manages versions and configuration. A dependency is added only when it is declared in `<dependencies>`, and then it can omit the version.","day13 java::maven java::dependencies"
"Are Spring Boot starters and autoconfiguration the same thing?","No. A starter is a curated set of dependencies. Autoconfiguration is the conditional configuration that reacts to what is on the classpath.","day13 spring::starters spring::autoconfiguration"
"What does @ConditionalOnClass do?","It registers an auto-configured bean only when a given class is on the classpath. This is how adding a starter enables the related configuration.","day13 spring::autoconfiguration spring::conditional"
"What does 'Spring Boot backs off' mean?","Autoconfiguration uses @ConditionalOnMissingBean. If you define your own bean of that type, Boot skips creating its default one.","day13 spring::autoconfiguration spring::conditional"
"How can you see why an autoconfiguration was applied or skipped?","Start the app with `--debug` (or `debug=true`) to print the condition evaluation report, or use the Actuator `/actuator/conditions` endpoint.","day13 spring::autoconfiguration"
